x,y
-0.12010575448225158,0.05170794082842996
-0.42677814438380185,-1.5512890545401563
-0.772936226550082,2.2222514117532692
-0.15802026906487457,0.8963764959874222
0.7217807036653374,-0.6720351652096723
-0.2763937397140381,-0.07527937471368129
-0.7728799120884386,-0.9342673925185141
0.38094064043980624,1.8149536257239307
-0.2551407199934079,-1.626219280943324
0.969630638801099,0.33418100315355836
1.6115860213689768,0.4378602642093639
-0.8792674013062269,1.0421680981279051
0.681507991199514,-1.8460961169337904
-0.15861740181929704,-0.8212235784603396
0.24517692661958104,0.14746640925867066
0.47028018039203384,-0.9624153399585419
0.7497163376557356,0.797441864679574
-0.6223569761166658,-0.1555480334915838
0.005907140566481878,-1.0112111147761078
1.275811760729007,-0.24638421129279958
0.2838024262647864,-0.36083001389773944
-0.8203203178215966,0.8954446900370939
-0.247269029316268,0.02804692245274634
-1.4028074635767467,0.12083892648768708
0.2516566104370942,-1.338655089817585
-0.4669148856710509,0.9797245500105886
1.1590501749117534,0.47024300505908334
0.5675086077591777,-1.4264497198141128
-1.3533801743490967,-1.744671890932896
-0.22817370727896574,0.44615234034888807
0.8853222610213396,-0.10894365008775246
0.47666539712680556,0.9432871322621977
0.47929680542807357,-1.4502137366145411
1.421029663436029,-0.9548490173970009
0.6555377604323138,1.083230959612977
0.7620657315882285,0.10746633697551246
0.16693845075371608,-0.3980689143074827
0.3558998196066239,-0.6607746237965537
-0.010558220017205775,1.636686077158007
0.7923850518918061,-1.2219050242485694
0.6151515639416412,-1.2537532563578835
0.47929058171662947,0.9358017739427542
-2.2115073201613753,-0.8364729927322448
0.9640595266370345,-1.2774745654251745
0.0055962054754476465,1.0935383533161402
0.16524753598264433,-0.9044954483753224
-0.7736008590379899,2.355847202110638
-0.6490182010136556,-1.6461257514508758
0.01230388439344573,1.4398393619903522
-0.3615138759313106,-0.5921036061000036
-0.49297604324716165,-1.0219237903378897
-1.3333973169751652,-0.9936531156779969
-0.5470927124755068,0.23200951519162846
-0.029883352595648668,0.20137113348835434
0.21163415429353954,-0.6798069853820884
-0.6449914796731805,0.9127036362337356
-1.5148939941105266,2.0483323714363375
-0.7210688736193887,-1.7856583602525096
-1.5069173595293637,-0.5557956259028898
0.18343928845653787,0.6439937515162342
-0.7072543633069651,-0.7607443685821739
0.8667960171236357,-0.6295707188980154
0.7005961657713398,1.551100422208426
1.4635573772716035,-1.3353173342695777
-0.8728131960006148,1.0670082621574886
-0.9436301953026517,-0.13353393286212242
1.042675008347929,0.2773564391997578
1.0440971333883045,-1.2033603384411926
0.6142441144466511,2.2346890539160906
1.670164543871934,-0.3329428988747032
-0.9647624483166811,0.16187509740127595
0.5625788166724686,-2.4449933658684473
-0.009840463691600064,2.836593974352505
0.7351723026649175,-0.3377446660482481
0.4147225489896581,0.25716573721493424
-0.8545485374778817,-0.731651704964739
0.7785021681222466,0.7464729453188509
2.141586206586673,2.5488504203868083
-0.6609460344938791,0.9043835386237598
1.4506648570763008,-2.0151024388503713
0.30171670082201574,-0.2998082094870322
0.14038976843537124,0.32969112696780384
1.1623022436737689,0.44858383788183087
-1.295388774776575,-0.02867885435298513
-1.4987071292393042,-1.9854883439091813
-1.270264660960025,0.7001010265996579
-0.6203482506967185,-0.4035801890013025
0.57824539788692,0.5052938311812596
-0.5371100462798234,0.9702661778968658
-1.3158576900769166,0.22079676728649353
0.9512909987432541,0.5791985333817293
0.5606552335179797,-0.1399520472942109
0.41213079757171106,2.098255359206162
-0.440294971596495,-1.118872489959237
-0.5627840950772347,0.4862082228347391
0.9717720332117072,-1.4644472976486806
0.4649832360953996,-1.7490387583759908
0.8713078986619385,0.5550572928257913
0.7719865741509301,-1.8368829623482716
0.05914562028005249,0.27729460924116844
-3.2124908581885077,-1.4716220323636549
-0.044844812159232014,1.0367393089761123
1.6286940548270106,-0.8548294332765656
1.241618234072197,0.21221305136448426
-0.2788790715622695,0.8177368068998218
1.8705755715691221,0.7521546814939623
0.21130945166433873,0.0020361645373455127
0.13139024773887367,0.7690690388496438
-0.10943801811233735,1.8100824616563207
-0.46540739981043533,1.6582369543311224
-0.8598559445574402,0.7289919504895167
-0.5338769519880429,1.1496505050059607
0.20994777790714866,-0.23958820107929038
1.541348248377234,1.2852548907996768
-1.608239640902901,-0.9484082542249167
0.2012410836449168,0.33414303695180914
0.0783328507155984,0.6041971130382603
0.5093105036339072,0.5977584002754097
1.4888835958146562,0.14546186048589624
-1.5448746390366057,0.7719871620706454
1.665606929663977,0.37694171120186437
1.1327408602019218,-1.009207217565504
0.062230535122214006,-0.18851280842789295
-0.43868119438150627,1.1997988641106612
1.1873411959816234,1.0329582243102957
1.6248567870153008,1.05494547559258
0.084368304812761,0.5812514254015778
0.5754039409014418,-1.0426819046064435
0.48811437426700494,-2.5641109543031093
0.1664593957336247,1.0553715139353486
-0.6515736410308443,-0.44344836115675207
1.157933974635342,0.07689698842368288
0.23346610147605928,0.20745101439065622
0.09094064638717196,1.0977203963524222
-1.9247901467823199,1.0059418657942454
1.0313682398949242,1.229865438251697
-1.4037400027312852,0.3119265575729668
1.0693796435225,0.8823979746411383
-0.852760749063075,-2.4757264467197073
-0.9347820823305689,2.224504489639302
1.4881267616916332,0.3510380386488451
-0.7128168925041055,0.03262415439568516
1.3515320582335493,-1.4457600225791662
2.417100439369786,-1.423779102986689
-0.3926812356182134,-1.1860930217780756
0.3957441435321449,-0.29772620795848537
-1.2460647079012102,0.6012154198871795
1.8736064249757813,0.3613983156450875
-1.2216015000065952,0.5305907498628093
1.9051580794519927,0.8371775602635595
-0.9429511445441972,0.9737462438949583
-0.42762786360184746,0.18051903419489426
-0.3607130707416277,1.1532207863031927
-1.396263536345283,-1.0335523968601679
1.919103697471061,-1.3605868185113557
-1.608200260656836,0.7380547149409166
0.6856209838479975,0.9789216536084544
-0.5806168121616485,-0.04602751579630932
-0.1263317692635907,-1.1733388273073393
0.7819920878147856,-1.1154487705085765
1.040286386096838,0.03578094607957949
1.1777197890751891,-0.14694528175544797
0.30964282296473855,0.8839949584074003
-0.5641756702172442,-0.881119487937363
0.02309471091572731,2.18853917653201
-1.1859850784550237,-1.6826229765881549
0.580890320558031,0.8736962343787549
-3.177663557191966,0.44073378465442264
1.8296220157416812,-0.03840339511894629
-0.3640782453086275,-1.2863591750019996
0.19025636100008192,1.4320846075741467
0.4402101264317505,2.68301830296843
-0.48270003325348365,0.08865747356447272
1.4928627657212086,0.7157478353144955
-0.42628696183589293,1.1771611639054214
1.0804551055120633,0.2763145722986609
0.20845359196167104,0.374633848481764
-0.8686925735120836,-0.23843765214698673
2.4688974912302624,-1.3009234769446176
-0.29907645705009384,0.11549613293136486
-2.5175365830956964,0.33559673559465897
-0.7632605473407608,0.04093143114522844
0.14601987575603906,-1.4528576272645237
-0.1783893727102865,0.36875311878878814
1.05867958695372,-1.895842435979557
-0.22205030414311794,-1.0826426875979223
-1.4089974515644246,-0.1806412684835876
-0.6834255640395149,-2.1415287287887406
-1.1927017145430947,-0.9061922953963699
0.07177436334935129,-1.546439791121915
0.7537051149995723,-1.1266941366536147
0.4759235334989061,0.44562907846342553
-0.4020673743441936,1.3151634910760097
0.42998331965918574,-0.025932096280690858
0.5668830671161323,0.3398361812417356
-0.3149932524803935,-0.5278729126279164
0.07690991754309126,-0.6184338834251285
1.6488578894639625,-1.7174285068540427
0.9623488038655923,-1.1334750724843756
0.5446841833035115,-1.5677393509524344
-0.6260169829761256,-0.18811174729757696
-0.15785158181913866,-1.0139299438294604
-0.5528914481972452,0.05910040627872353
0.37868484424540877,0.990084813232355
-0.055403814448705666,1.5822770625551021
-1.5956718841193556,0.28445897914929164
-0.17227013956779375,0.9639856587718914
1.5199895947867301,0.6544764814138027
-0.371696264414773,-0.7688781058941272
-2.7616112263779713,-0.2576418934960688
0.09966184472870483,0.6455643684288925
-1.5946595449495404,1.3083294918948323
-0.040015988181803804,-0.24787341834453133
2.0436781538049846,-0.2342306525962249
0.18264377073805765,-0.4934890725418277
1.5181966005297673,0.7707651739751569
1.2334596538429725,1.2283548672112936
1.246630131678193,-1.4168400447594043
-0.5469002527887628,0.33579521506637944
0.332893511426745,-2.740714983659269
1.0663194636259048,-0.2504202148597901
-0.3751645899044681,-0.2987185751573616
-0.10317150312951881,2.134895987224355
-1.6426928035037973,0.6914748571003123
0.0500472766233412,1.0143523443067473
1.0895431682449903,0.868894033728475
-0.24702852341739295,0.5838334701463854
0.1854817897196055,2.4600429440682428
2.0068110114322764,0.06943914224608307
0.5928231765678057,0.6422642338975413
0.21447977256740552,-0.11167048934844302
0.5117353417284952,-0.6529502018382803
-0.27194346616354054,-1.7133986971059945
-0.7795575302317099,-1.1496432622182997
-1.2262530611944866,-1.236409143918128
-0.1271713549179798,-2.1798213023988713
-1.8049000492132041,-1.14013208811941
-0.6060815289333378,0.9889079901728337
1.6898341843119231,0.48526006519123943
1.3052541646296862,0.9427160895466387
-0.8485347954899792,0.4068306083273703
-0.23982551513920058,2.9615662492347576
1.5130574476161742,-0.1287794475778686
0.4592722811572997,0.23629772696303106
-1.0235587681567981,-0.024759451431893526
-0.9578955121154297,0.38496747972972684
-0.8188136791359756,0.47032894109367734
-1.277512375782546,0.1335734369953107
-1.3166750214724803,1.2361054393687003
1.8391696949762943,-0.11763674245151078
-0.21666821936577185,-0.6639667244106098
0.9117535687177548,-1.7711016622012246
-0.05144625953856498,1.4758135127083065
-0.2063444965439586,-0.5774630054478661
1.5575674213818524,0.04720743331092606
0.7482122586070419,1.2304526362449273
-1.6310960269259118,-0.18983105602896533
1.235797127637779,0.21984636795746576
0.5705160498365524,2.0990480247335803
0.443317379370571,0.833593544430709
1.457283370430202,-0.575155447785859
0.18378818936138025,-0.29728421334297955
-0.0131145820792545,0.5379877306353397
1.7822236957291941,-1.7616610739454122
1.3913044454441756,0.4608536591896561
0.711507298547228,-0.44107395653105685
-0.28347851333969976,-0.6039579584805517
1.5224259686371606,0.7554924007309699
1.1164041151295023,0.675404975389876
-0.231354803882238,-0.2748533294821601
-1.2075216774152997,0.5177076417846231
0.18476712244283655,-0.2720548364337133
-0.33107405768800113,-1.0507591026451215
0.42031139921877714,-0.9001804387525422
-1.7768304990984363,0.2586340001449501
0.18304975839387205,-0.6112174395727847
-1.1867741942153087,-2.431231143701144
0.22610212910591368,0.01002654133230665
0.38084307765071557,-1.1904081395566863
-0.9926532477974053,1.2339305266455103
0.08110450250837554,-0.6422063065838579
0.6387926682822447,0.4717185820717563
-1.7891746822899193,1.2241605211717124
0.7537018796606405,-0.47786484537509794
0.10533404876324128,0.9435232254309457
-0.3553517874339679,0.6022006846756949
0.3925463961747447,0.09904171338710778
-0.6419000760353795,-0.014675845804326779
-0.10455825398032434,0.8582791342549638
-0.2426403518119373,-1.522776771529293
1.3493972943265575,-2.562234576926486
0.4183327783395071,-0.9685515931635663
0.23388575027993566,0.497587890074907
0.7926375431397436,0.8040434064157685
-0.3651123423546034,0.18338446261822608
-1.8278157144133496,2.1124796014047496
-0.739794637485046,1.0648397211295548
-0.6848867346297595,-0.9147014358997866
0.5740796923388121,0.07402890705497618
0.09102119426480196,1.367426801469486
0.6387826796005985,1.6983057008991889
-0.6557203304995868,1.6231337083692265
-0.6723793470390202,-0.9273189758688528
0.6091083360961154,1.2646923576074267
-0.16902634925705362,-0.0866009401332342
0.32055071893849785,-0.12316907601546628
1.1414631062729457,-0.2164919377614627
0.3920044232909393,1.400652324388645
-0.9109553257580137,0.41587253104574257
0.3183319316735542,0.2454069033396997
-0.43165335718162967,1.1407827192049191
-0.545616630755412,-0.09734201957696482
-0.44637462683042883,-0.14999787644791046
0.4329411101414841,-1.0715508738658621
1.0860218049831123,-0.29875063791906453
1.187482074098555,-1.489050872567056
-0.8059885882180223,-0.31203767340930844
0.7418439921088473,0.23430876844016713
-1.6467742872158473,-1.2980230257514824
-0.4502304424235434,0.6879035652420884
-0.35476989566760203,0.10003657761412472
-0.27642007409274766,-0.627307432746364
-0.8363899508051603,1.9557574846273913
-2.0448488228650916,0.2899153018265957
-1.018315288322851,2.1253663532714038
-0.5792421245908536,1.7293324688079479
1.2009454304859541,-1.6201451957215134
-2.1067547480499935,0.7082777203618511
-1.0821763835130032,-0.9339948590004448
-0.243199282964895,2.4749084630302023
0.7328664424492288,-1.2863458361879854
-0.3810725548149203,-1.9202707551930907
-0.17525440074389662,0.5880397573863646
-0.16351362135311523,1.1821392252267025
1.8771906415971535,-0.05896081525723914
-2.012557099056437,0.452087176397026
0.2970434226691278,-0.5160682674425123
0.5332069297465771,-0.5710625626943062
1.153341553900484,-1.300623501270973
0.693522538376562,0.18728771475121958
-0.3243116427178281,-0.4738469272953207
0.4219875327321169,0.1275962408552059
0.5064887617496988,1.279816535441765
0.12868016849858985,0.6531166085013764
-0.7910470114727662,-2.7221501886514563
-0.38883123375116607,-0.17384860340145697
0.8170442710885919,-1.3939643348975526
0.06495955522736213,0.07343786060626589
0.6889108043442493,-1.6411856685232167
-0.28999967903203494,-0.04160791152439108
-1.2211297443651576,1.6720127377866576
-1.2079590462209602,-0.8268005416706685
-0.3887335518832333,-1.5694666498922796
0.28968593016297634,0.5795436341829268
1.1163473297362,-1.1398187212150765
-1.537953874552006,-0.25643244060456594
-0.21777424591196232,-1.225370166130788
1.5796185302110737,0.6094211906178673
-0.40698514389832563,0.7087559033725872
0.7208123281210187,-1.3807533284759483
0.6528500093887202,-0.007847981105329797
-1.3458541060773068,0.5973142819800193
-0.05095683389407776,0.2825846501815628
-0.6395047812410956,-1.7002578045177457
-0.2363719601903112,-0.06086269516654858
-1.418200019328574,0.40664040940364204
0.28001638514546184,-2.2212947952028017
-0.43491416606903105,-0.5706103711923692
0.1915380417046692,1.2729672513970558
0.39994959900616134,0.6168421767642589
-0.4861961384442145,0.1345683538940933
0.016020978250655633,0.20243744643582498
0.09561325190284989,0.5934378387676404
1.4199600922601294,2.493918048272434
-0.6338842379903137,-0.057541227346019116
0.9500510456228027,0.5864670207956482
-1.1564215115222038,-1.2709097211959441
0.4438883884598799,-1.427547234949874
-1.1255571722182742,1.6698682338358224
-0.3219798164190281,-1.2037198937871685
0.08277739782229844,0.8587132973700223
-0.2798591688886949,0.794942603849565
-2.510446711061949,-1.3568054026066965
-1.673403150774592,1.261497919218625
-0.3378900088605599,-0.41206945420880403
-0.6499809220746875,-0.48471638842717873
-1.2836829116812811,0.2805688815487939
-3.6982608508823116,0.44483269254865015
-0.24742509872785,-0.2231710297604137
-0.08905635814680042,-1.1155120020096383
0.003600425165768316,-1.2297317896342341
1.3867516761386154,0.4472929660541465
0.93634653886457,-1.0094199436931235
0.8330717556952746,0.34859867439344877
1.0988231633313963,0.6026960031948264
-0.7258300248323314,-1.197482607869752
0.5945091060362209,-0.35506489458538043
-0.46920206994404573,-0.13410979946281984
-2.2693008377003405,0.15721901227631013
-1.1618875675595681,-1.7482750256252304
0.5051215528659015,0.16265454069139876
-0.7445958716084222,0.33981234768257984
0.37607234007424145,-2.4716644364996982
0.29552720488785167,-0.8097662059890885
-2.2873238821973323,0.9166616923566611
0.4620095268322431,0.274703055562868
0.12556689614656436,-1.5507170497933274
1.2797550017154509,-1.2194015949971884
0.8289527041562487,1.6558269110127442
0.1419351717565052,0.31138011083686473
1.5659447012586065,-1.3122037839507357
0.04903100179468263,0.4748131941179975
0.40987340574855685,-0.8882967179089851
0.5106863234793506,-0.2985090239818749
-0.39678293283967214,-1.2137401218726662
-0.7922798333534309,-1.2646175112694018
0.18368935076949744,-0.9994812519556546
0.8529264868806957,-0.7660822411008316
0.03295212524417075,-1.2477839075164259
0.21905910644965315,0.9910000386338325
0.07081542500958903,-0.6434804508708039
0.19316498777580066,1.2735989365980656
-0.3181466750933855,-1.1413276510767427
-0.03851706160423303,0.6043171096203194
-1.4129294036399318,-0.4302006361267503
0.9195926230909711,0.7111083968700439
0.4668619018126762,1.0622341250756617
-1.3851427275157502,-1.4348697894791167
0.9764906763466225,1.2903795148801145
0.1687802372874464,-1.199312324702255
0.6438470475805381,0.23889543674187613
1.8647619046534447,-0.7539873066253926
0.3959940313076596,1.8587826022469927
-0.4186203184871345,-0.3405902577057425
0.19328808699737066,2.18693792543634
-1.6797333650713162,0.5909159417493046
-0.006353167334343852,1.706971269791145
0.7832556942219134,0.7137558986419255
0.630783597380988,0.28473647453023465
1.0630464123864571,0.16041704959909456
1.1506746113128108,0.44579012791119743
-0.8692472593928471,1.1532824573215485
1.6954431820680795,1.3108656039700621
-0.9699606416634501,0.37237292354501067
-0.6385169408839666,-0.2162037799405893
0.47007141078024783,-0.7786488393680553
0.3245399694384504,-3.2036381513415266
-0.5189413226277736,1.3749398399960124
0.3402286764449102,-0.07401732311561832
0.7075184071893651,1.0477313153456675
-0.5550292238319499,0.9793238395577167
-0.9401140266377765,-0.322139579229336
0.6023757803245899,-0.9799223267074294
-0.7609195532647247,1.3845520942105818
0.6418689429903185,0.3838484831611918
1.0936255598938338,1.775225432669047
1.7194590711402928,-0.5718088834876942
-1.5567515414469324,0.03440857435365226
-3.012097307187008,-0.8050637715451979
0.4650573692226696,-0.17307636782655506
0.813752091145155,2.3068297940724807
0.7394838957489657,-0.39096289303267706
0.6711121867964688,-0.22927716895131303
-0.14607815279534758,1.0876802481767596
0.17202994070797192,0.09404851783370159
2.0441931245615272,-0.11499208627049058
1.3545396922950945,-1.529454002613812
0.6120597506651286,1.5167990631759867
-0.49091302249908386,-0.5542869555545383
0.011331492082333361,-0.9083422350514808
1.2152425202595247,-0.5194773768157372
0.41631640195564434,-0.3513294349550914
-0.356640473959369,-1.0472804631061636
0.42199325019944844,-1.6658635083860536
1.4618135937749774,1.0250151350950698
-1.242015407610726,0.11275251872654113
0.8769065119617826,0.9267682062132592
-0.04847286254205388,-1.7688739741378214
0.8170808444549742,-0.5603052920034818
0.6008202792317143,0.12876823240958146
0.5528529891072198,0.25425392998781304
-0.42036151121015836,-0.04346861150100872
-1.0584119212891359,-0.6866664188389687
-1.1221338619571788,0.031920484517662946
-0.9820636344119021,-0.26554879213277066
-0.01564579857972837,-0.24026816921047298
0.18884725676856984,-1.0550264411061536
-0.46570046393494774,1.9233697638292162
-1.505556739416246,2.1968267721962453
1.3624392513557204,-0.060450510237793006
0.06135980530529117,0.23065375836865978
-0.646747136031156,0.9034523467622659
2.649666879461837,-0.940398859366294
0.3605854901496218,-0.2976834715554607
-0.6084932793303824,-0.5226354806377859
0.5359082242135137,-0.9712672827101987
-0.6003667142195298,1.5083518903780646
0.5552889770341377,1.413565062992566
-0.09569852401337574,-0.946006738284878
-0.6584688780844267,-2.275695067200902
-0.4433451662172083,-0.18986589809468277
0.2866821727805955,0.5232307280488182
-0.5063122732124669,-1.1674722830768647
0.68771087780864,-1.0024309515049759
0.8700890323182232,0.46287241765308856
0.5640146071641365,1.056169465733185
-2.130201281136942,-0.4364377771705503
0.3150927768457333,0.21005372248337237
-0.546850189232031,0.19278995602340468
-0.9907425875184763,-2.181560083444233
0.6043816088180004,-0.30776005803621076
-0.1779103454203698,0.6980192809033843
-0.5814019506306722,-0.5002849905262946
-1.0009678537905633,0.3822149679596988
-0.3556972529656474,1.7249059256589059
-0.6906393513672924,-0.09376088157533945
0.38354244194900605,-0.009144470496701296
1.1288559211998455,-0.3513254640667285
-1.7323819147046957,-1.37425996722131
-0.3911251074901316,-0.57528544336024
1.0659006920649865,-1.9445258755864732
0.2356611117071445,-0.5777282212241003
-0.19569517404121436,1.9351514629303264
0.2282090528869062,-0.7304123897433358
0.9221548333209537,-1.3477768942421613
-0.4953103582417728,-0.11557947292307484
0.5722215694837874,0.6057608762985687
0.7102762795796612,-0.17485043146434198
-1.6962070418600372,-0.3913032258526399
-0.2096840660546132,-0.7205150817868771
-0.028153665634863434,-1.2748040567333128
0.210774971148744,0.2609491089797821
-1.6025335411286548,-0.9821102047754414
-0.43639965559937655,0.21413255650876312
-0.21784795394002454,0.7423264502999604
-0.3930974852011429,1.1994419360946798
-0.38646537071978293,0.517512450899685
-1.4710207569100147,-1.4885923159591485
0.0453944295361085,0.33920057405254656
2.0112599697955633,-1.5664726781111522
1.0635827244862321,1.3817049865948672
-0.10906720052422322,-1.490811012904204
1.9156708231931021,-0.45904506145969093
1.0596527656335515,1.9254782397078112
-0.4941733452235918,-0.5831404823011125
-0.46723565177251675,-0.5515918635804504
-1.6192413666847052,0.2776487534376395
0.2371373174768079,-0.299432118325813
-2.335696619323493,2.0967735277910227
0.02876397575308851,-0.27350470186128006
0.8125047084671169,1.1914251770033206
-2.379817208419854,-0.4894620171795866
1.5963194845772462,-0.09030926912743006
0.6322838973272976,1.1981328725258136
-0.061891585318713006,0.7999171885973065
1.283315477863696,-2.2689296937365064
-0.3973904858025564,-0.2653306491614881
0.15019310659992272,1.251050417129548
-1.0678003939107992,-0.298401994474941
0.2332720678200095,-0.08357285949294263
-0.14216233339239054,0.45216450482126974
-0.43931645810302145,1.826243951895123
0.8700020620150808,-0.7859167864524674
-2.282097204597695,-0.10464624979220429
-1.270669004210855,1.1669004280064887
0.08057823546521276,0.18727833106851502
-0.7938379255872662,0.08891259845357735
0.8809997030378164,-0.9544665877672598
-0.5866846440797401,-0.9096536131261689
-0.03695064766650978,-0.9247477414744487
-0.7751633169647534,0.48640275099529523
-0.12815268311300626,0.8750168120516995
1.031079847126685,-1.0258993704010446
-0.45594460317948976,0.7851687886768468
1.766453512277518,-0.10088736098143761
-1.3572397705663035,0.14947368322376772
-1.8611206514382217,-1.067741736673215
-0.9203393396449189,-0.02468338388160378
-0.1361527918760852,0.22873553649951295
-0.32589865402909146,0.2683853990078679
-1.5995775765527973,1.4433296606672192
0.41596762086769223,-2.429282245884054
1.3277836627159,-0.5743235806091185
1.0942258962998104,-1.0521247724700475
-0.7420998094001149,1.4086728680360983
0.07997913076729471,-1.2063475130623076
-0.5680264658490531,-0.26105829145202725
-1.1656069777832458,0.5659364168354241
0.5073880460995684,1.7188122177563738
0.5871670363548308,0.3421419126363667
0.050836824237128785,0.2477448132500972
0.9236611197901891,0.15638852776584514
-0.8856693636421499,-1.0850418175865844
0.13070061632548133,0.22872604793942114
-0.4342408324315273,0.7325291651502805
-1.275466283693638,-0.02573678775227148
-0.5793178067760484,0.21194970092741888
-1.369709498653325,-0.2128581825480407
0.5547048391701014,-0.5698320236529479
1.1714526358729034,0.32624134574486907
-0.5906133133862009,1.0925866297164446
-1.6080542366918262,-0.2320924688331677
-0.5545434321837206,0.22888801894236857
-0.971159416784962,-0.46255937075179165
0.544746726050803,0.4499998968039107
-0.2340544460667405,1.8279573960792053
0.5386239900784828,0.3746132764747453
-0.4236660039659615,0.2554532324239753
-0.9472746584557192,-0.70001481080054
0.3441480458804469,-1.8426961130869302
0.671231429490131,1.9930121763443265
0.5810897299197579,-0.8651411862690322
0.33563420181363446,0.28479493300175773
0.31731319012924203,-0.6917210997018319
1.5476831760090122,-0.038491558710772984
-0.20843517950728208,-0.6630809526473274
-0.16478214170826153,-0.961887454448186
-1.9761414743772991,1.3183989232609736
0.4274778234459496,0.6095592612169668
1.0987135863229136,-1.031442833595562
0.5964143982894591,0.07607683435126467
0.3489001024966701,-0.14461708350372712
-0.7317754727527351,1.178920837966889
0.44457767671084725,0.5836414071036277
0.08269599141659507,-2.4049983195727154
-0.8201221406220348,0.026378706182471456
0.0849947488265358,0.06717420486984446
-0.6780868065559901,0.31470887982938167
1.6330576321387502,-0.20020798940226817
-0.14338766831405877,1.4006709989777144
-0.23033950567944628,0.26087829707841337
-0.6613815438282334,-1.098127827886244
0.5906209967794007,0.1250602411289583
-1.347627766844654,0.6595672648968168
0.9198058569306823,0.2680569360452004
1.589602535700956,1.3918962957640888
-0.7496705150736074,-0.6758611046440678
-1.4152820324873419,0.5750064485547449
-0.8524260202505456,-0.5840458819933267
-0.36686261193326264,0.6237836647424666
-0.8571076101359809,0.05784593557764807
1.248980459475372,1.2452888797424073
0.7926793106299177,1.1368862817192804
2.083353473348658,-0.25020397039811554
-0.2657524366441221,-1.05864837630091
-0.7716638712462865,-0.4655958538694665
-1.3271608402091881,-1.3244394827761554
1.1269405622382027,1.1852807649267647
0.09899085037299793,-1.567038494392347
-0.017515891184364155,0.1388652546151662
0.4656655259655525,-0.9626287144751969
0.3347743346313669,0.3012696893918516
1.9248107247989155,1.3164903761535733
1.3282436032028146,0.39240973425526393
0.6840940866987889,0.637529327113984
0.35726792918866973,-2.090972061351075
0.2685114169434003,0.7111920593139153
-1.387384049474335,-0.09264471421483968
-1.7087810706107338,0.6646140061491191
-1.009710459020146,0.5507540482235189
-1.3176021756159202,-1.1906576415034493
-1.6464243719198552,0.25490794465440153
-0.15681014951922928,-0.291143136106438
-1.7241012982151356,-0.2580949960990462
0.5075893343419468,1.4951307312664475
-0.45729484339753856,-0.3533527886925155
2.7291197838690557,-0.046060885293295425
-0.28815330285184737,-0.5800002870248171
-1.176201852572427,-0.8994710658119699
-1.204391633489764,-0.1829987462324923
1.3094639355972466,-0.4643452409558389
0.13384516650217212,-0.3928164630246378
0.36372611201782035,0.7132770430494563
0.33789295693852606,-1.1574015489736469
-1.2740146493761233,1.0711643959352637
0.6234183140944793,0.24735577172616524
-0.42098440922133795,1.7027505625968637
0.9513359771525524,0.3558153855335902
1.7933112045578705,-0.5629933684154573
0.1758997443499665,0.8035816776511696
-0.36582834507596196,-1.6264782445706598
-0.6360315608769161,0.008493438734767626
-0.2746557053678791,-0.30407207092168154
-1.2004487657996283,-0.8713008648024276
2.2084292555994307,0.5181013024941437
-0.365316413838906,1.8451287663762592
0.5935918487069466,0.03427363274994894
-0.5121082948482425,-0.41854691249449055
-1.2973794909446434,0.2183836526861263
1.745867767442178,0.554364854779039
0.3980680965849134,-0.5773911807117021
1.0397436943090947,0.45586645853582075
0.4775680185570532,0.11262923969463552
-0.6336299456529954,-1.0390262997940225
1.1880579714478832,-1.1706632469341556
-0.7793099398328913,0.29932890622998115
-0.46597614233751,0.09214956628930608
-0.18026757043015768,1.6411487140456007
-0.36394385617173713,-0.03309420144763189
0.14841328164892248,2.392041030137942
1.3221352261423447,-0.1889619643873849
-0.9425005606431772,0.7112394039035169
0.3349671074622355,0.5161220920020062
1.058941800999232,-2.028371674076381
-0.6017459965265246,0.7198577903225916
1.1427084387608157,-0.5442590783614
-1.1584932833521708,-0.07866443854727234
1.691581204861194,2.517984464564212
-0.4148969600003489,2.676252220473046
1.072845233505876,0.15163293314218243
1.0240514011015245,-1.2848321806047496
-0.1572981189205094,-1.051691206451768
1.0350373712746421,1.3240566614174194
-1.7692464938557266,-0.5584113074622837
1.9765801800015648,-0.8172754502508143
-0.013147900195857357,-0.6386291867780163
0.3688667616642464,-0.35109739738359885
-0.7690523949025663,0.26381461709222864
-1.0223310160078936,2.169051146335492
0.03870957708829146,-0.37097386608338984
0.08532484390890707,-0.651200052968109
-0.06573589050284093,2.764992830800757
-0.2034413031282863,1.4399818844291803
-0.04478550377080487,-1.1983193724221326
0.03847172346380687,-0.8410418462635094
-0.8504451353525236,-0.09993620849802616
-0.20510982309630169,0.5205645542897288
-0.02722009003431434,-0.32715424541657
-0.03759191285932783,-0.7660303030845856
0.5893326167341914,0.40767223685369086
-1.6193661933306625,-1.3905220562357694
-0.12178513958637635,0.1667275507971763
0.48670225699264924,-1.1628148294215574
0.7161743164624348,1.7009740593466989
-1.2554767194168912,0.42477654864806474
-0.5622662450229322,1.3210175991560982
0.2593719780635664,-0.40045779954874255
0.8209668421455254,-0.5878538023749854
-0.3114672040218723,-1.41608910104966
-2.1283357597740173,1.1133541812832022
0.4119829917878969,-0.00894652168672955
0.21106515873081202,0.7107791568969937
-1.0340493157947803,-0.3365197142724593
-0.9158851955789594,-0.7361706614523477
-0.2935722198831979,0.4769512316005679
-0.03502112097917668,1.138020354989405
-0.7479685428489746,-0.45109708865226616
0.36416333907550286,-0.3589249738802255
0.7355552806195174,-0.025309784384688856
0.8690947539863231,1.3648740441631109
0.48665973004902274,1.2477078007907725
0.7837559237052919,-2.396596766214798
-0.15286774899102842,-1.3773039909381468
-0.046625600122884,-1.27322045525154
-0.35856331947974934,-0.796229115335213
0.6760709858655636,0.013043582131521
0.3691343611434455,1.4415691322420954
-1.935601451838324,1.639418935198566
1.6160807839652769,2.2282032499815374
-2.9546630830844856,0.19341056756739816
1.2267752242543484,-1.3148714113115294
-2.0551294504260613,0.2106870551109893
0.3584146919786976,-0.9368701414574543
-2.1173253325267334,-0.05877528369484763
0.5429933147325392,-0.4876482522470879
-0.08571603124590421,-0.008322740213667187
0.054119251879006,-0.0535923932892503
1.9534402497989367,-1.136485915479345
-0.026182979267100025,-0.35218344939120677
0.4297084309294844,1.1870607577170595
-0.8868498891901435,1.4091986005231643
0.0827841354759902,0.8659607900493866
0.3563062276415374,-0.2933556639852021
0.9791633318287221,0.5850107060657185
0.21615955191612177,0.46546179418792244
0.555949611379693,1.3970726067288888
-0.2562471388507039,-1.7048536184473537
-0.4025746450129174,-0.5256479050375302
0.0747808325828774,0.5392299212390732
0.17542360147379749,0.3918740483888297
1.1755690311798452,-1.2313035215852124
0.059868125848458506,0.033332694435298876
-0.24786708813685635,-1.0597006260803161
1.1754191269177965,1.6649326140828997
-0.2673008520063887,1.3878679652689367
0.2618014588778224,1.0691865465873693
-0.9429924253647404,1.4406898989455355
-0.6482717412604424,-0.6228642000218938
-0.5320280011502806,0.2969457312813038
0.7031687643834974,0.7456486018581094
-0.022730397889181228,-0.038440312575483984
-0.49844465189051146,0.3413253460107678
0.7218958643764884,0.11007112352865406
-0.6290091375768032,-1.8820022049594634
-0.9199253196101125,-1.2281171582416268
1.4814933812192328,-1.13454810113827
-0.15820568952679723,-0.613980220870332
0.5415696882355321,0.012083461363319734
-1.6578428875654454,1.0734206234135169
-1.4667907277147882,-0.17454317699156244
0.9473761502349808,-1.103443595798036
0.02072418781145489,1.6167065791473156
-0.2211763540125254,0.8180911227930928
-1.2704117962714705,0.7442224968475343
-0.20824818710853626,1.5955737758738466
0.2442421049793896,0.1423804800293036
-0.4315650390383017,-0.5265437867078762
-1.472260284465797,0.6146369959393091
-2.1297402973864212,0.032229138964159326
0.09356228933248871,0.7890721256354812
-1.368404386076708,-1.1010722554443357
1.4772817491453492,-0.0009953680991091696
-0.1936303395030986,-0.04606099660556045
0.5646460962222624,-0.02212437574613171
0.8696153768872176,0.23844857063523497
-0.3092401210415801,-0.4398486099501532
-0.3971301092263181,-1.1418391247928168
0.08376818251986153,0.0027901605394024705
-2.0158780627968174,0.6959659717478579
-0.5756205239405515,0.08740234158576658
-0.5981430829865755,-0.015915406746461785
-1.3809960290485268,-0.37828536766893495
-0.9370430209315811,-1.0071350059845838
-1.3694294349351592,-0.3158162351171806
0.46605597962333783,-1.67792349743209
-0.36598220769216605,-0.7007563255113427
-0.8254924216400598,0.536501098967019
-0.44256788556440724,0.09310907735862685
-0.22581931160042545,0.2314938817399277
-1.5132473702804952,-0.11813458328600288
-0.5873061900786801,-0.6314428788009944
1.609225085169092,0.07490892818863433
-1.4421156715804095,-0.8563698597552867
0.38990079785338605,0.6068074381447384
0.3143453334681538,1.377967894430637
0.8322274158771026,0.3442414846767542
1.695768571442915,-2.0321714632564922
0.8713026966029499,0.2627181185332152
-1.3667166468645495,-1.2817304008836568
0.5868782729168027,1.7916499738699532
0.17338417107620438,-0.3698431235937088
-0.2132426551941361,0.9470134341290642
0.041094307398440874,1.7385456614999681
-0.9943594752706737,0.07678655317452701
0.10091847452040852,0.7877165463139837
0.5079390020816894,0.7845804124881134
0.3549299351699323,0.01448693050804976
2.142602825789055,1.3000120915206488
0.8426823338862578,-0.05779398415304504
-1.3076369188103587,-0.5539317637199785
1.3323971009368252,-0.3447643852947725
-1.0403403094248738,1.2995738653663027
-1.9497276717757934,0.36212582442331315
-0.18447781854873602,-0.16391067483421976
-1.1654611157364798,0.8149019643660881
1.020554124355173,1.6375459636408418
-0.2288500424801005,0.20535544698475028
-0.8284363906104573,1.4689108883066564
0.8579283922906163,0.7902549805406132
1.455510584113117,0.8833994091899247
1.6673204069871002,0.5054466090344305
-0.2635690598337507,-0.8610288126672739
0.4771289667969581,-0.40842357207224217
0.5635851859280824,1.7748740830042387
0.35540743336784175,-0.1177464862737037
-0.672626156605543,1.1186467645976188
-1.5788624469080685,1.436129467859091
-1.2306706031922507,0.4940247013447853
-1.3483502624957688,1.4059268631447857
-1.2193557207847037,0.24180677533788394
-0.3575967376313659,1.655823318543536
-0.08758233638483887,1.1083170058195013
1.0768169392910545,-1.8311973564311235
-0.37114169588524476,0.9182258113669246
0.7364226838783972,-0.8064722509076567
0.7493574693436599,-0.5583021244457211
-0.9623041116405465,-0.9393508199656767
1.145198150273643,-0.1577136234029424
0.5180125829045182,-0.20498774597337144
-0.9066267784132952,-2.098376155570159
-0.7683149528942549,0.37716873265709816
-0.4912903087572588,-1.8314528451706453
0.4357291594195944,-0.5223808743887544
-1.21046278913641,1.735426965529968
1.2890460496851786,-0.9157757451371292
-1.2175573273722802,1.158608627185023
0.029647794127071463,1.3039973435169905
-0.8029363765569647,-0.22751550428346523
-0.16152837421853158,-0.9834536882682584
-0.22737047956441717,0.6620342234766698
0.1588921726557924,-0.33775955580416894
-0.8038750622723156,0.4714145526893944
0.866874381232529,0.8038930662471863
1.5352134631504226,-2.3571916283379735
0.40340741252914725,-0.6684925690772229
1.5436091195601715,0.5265190082333812
-1.1355872008215184,-1.363078376599264
0.2127051335846291,-0.2324686245431032
0.619277509427473,1.3273162471010083
0.3873423535935389,-0.94502483545108
1.6278915571848327,-1.6998633083865755
0.6091298722480363,-0.26449573832444045
-1.1279031287427794,-0.8388768593075582
0.651140172626687,-1.0358167992471659
0.12703919969060845,-0.1168678270814593
0.1896956844877504,-1.3100685295048609
0.29721369094278177,-0.756958974275346
-1.4320954520186537,1.2693489647988605
1.4926175619074802,-1.0917235675743797
-0.2731321637857303,0.8265994633476103
0.44452514550183814,0.18010078236732988
-2.252697336485492,0.8719492868903244
0.9024603208107564,0.7845182823376516
-0.45439901101154206,0.24936715046952873
0.4843702926533048,-0.6704054794635137
1.7568481609943742,1.2441698935566061
0.3394176007958112,-0.5259652577958457
1.4031980763153664,-1.510036421392778
1.1032398293526613,-0.3361260032621726
-2.4456963818927258,-0.34502921299523076
-0.03071489549628755,0.006565412216126116
-0.8037302444804142,-0.055127352643590914
0.6755182671639145,0.17525048845357435
1.220545480659799,0.1971353499506627
1.1719161291979703,-0.13998077317071228
-0.3140214524719665,2.1494383536949258
0.04984242268145875,-0.8701131585313042
0.7655640577103777,1.1710967106584014
-1.5929604993378332,1.1914968174153628
-0.4050314060333372,-0.7462353416908923
-0.13090769025571192,-0.05244364243025726
-0.23076944995226348,-0.05698993185470154
0.6914949732505711,-0.6226842515664063
-1.172463964936805,0.005448263195810776
-1.4286756946624943,0.09720074951645727
0.34543746050533125,1.0557909511620562
0.4667486695819106,-0.05505174649841708
0.7634336955456876,-1.3960546903616784
-0.2604954045049793,0.021476948788947407
-0.08934441081768744,0.19423244706015544
-0.7463453581438786,-1.1733012750295455
0.5135249102874103,0.4311830695051339
0.16548791082466688,0.39818654352679134
-2.002799677685388,0.6421850115577041
-1.2332229145235003,-0.23343667179357225
0.4499884307028742,0.47438238173107034
-0.10535940429162677,0.44785265709901556
1.6049010481191297,-2.1963660936707097
-0.7301517699319604,0.045263770151439384
0.7930842275105361,-0.19423789119501436
0.8819477690853171,0.7662383171223695
-0.01724866169631815,0.18132519038592454
2.183214966223073,0.6746209752809061
-0.10926950315907942,0.02504531735237225
0.23324807283543142,-0.6137725386617532
-0.8571700335404435,2.615218215825631
-1.134097245251578,1.2748684475830296
-1.1192481567189532,0.5144472965423091
-0.7632919088397808,-0.08577074246853221
0.9154480839603923,-1.4105782951097006
-0.9720545503761332,-0.44327213135216015
-1.3959088393177264,0.6931155526875717
1.2656222935369092,1.0292410382716397
0.28373704557355556,1.0489924545624212
0.26738183550083916,0.28235322572684884
0.3455993416157171,0.303838439459151
-1.50282310361248,-3.4315366975215187
0.04559740894535269,-0.38236794027332993
-1.4870994854857074,-0.019105881580980456
0.2539748862365039,0.9889678232413702
-0.5821034386264345,-1.3841833913714412
-1.3898017810432455,-1.8095951717466723
-0.9307714937225162,-0.05033504474709853
-0.48557472648376904,-2.4648984212735487
0.7494519638981665,-0.6244841840756132
-0.5575781229279685,-0.6923942409286575
-0.977231262447217,0.6411953780090363
-0.48041782875450284,-2.1756013226980504
-1.0192270054192252,0.7267260148489957
-1.4271261146120848,-0.7012628413856253
-0.9076590573636228,-0.47131832466797585
0.6472706894615783,-0.9451403423567498
-2.5769683424280485,0.7556220987377715
1.0729482896409561,0.9403841245854421
0.026204826694316195,-0.742169950170448
0.49735003724615806,0.42436961880215035
1.2533106726887466,-0.9507052023378074
0.3621765609691938,-0.9793821861722625
-0.70055455053896,0.840565877297894
-0.05652802078806984,0.16796325814141574
-1.0966562118565772,2.7035834314415577
0.09846553711852328,-0.8432644359691965
-0.21637076419362955,0.04296108313871418
0.3261821431002191,0.1383525287195218
-0.2985250497157452,1.596608715820577
-2.3619507368699235,0.2658302565694279
2.1492996649515983,-0.3280440091895311
-1.7839461571948239,-0.8928124153455034
0.8231118248506504,0.7435444470103034
-0.6054281074276525,-0.8657501794561386
